Product Name,Set Name,Purchase Date,Card Number,Language,Material/Finish,Grading Company,Grade,Purchase Price,Quantity,Promo Info,Rarity,Notes
Heracross,Storm Emeralda,,1,Japanese,,,,0.75,1,,U,
Surskit,Storm Emeralda,,2,Japanese,,,,0.25,3,,C,
Cacnea,Storm Emeralda,,4,Japanese,,,,0.25,1,,C,
Cacturne,Storm Emeralda,,5,Japanese,,,,0.60,1,,U,
Combee,Storm Emeralda,,6,Japanese,,,,0.25,1,,C,
Wimpod,Storm Emeralda,,8,Japanese,,,,0.25,1,,C,
Mega Golisopod ex,Storm Emeralda,,9,Japanese,,,,8.50,1,,D,
Growlithe,Storm Emeralda,,10,Japanese,,,,0.25,2,,C,
Arcanine,Storm Emeralda,,11,Japanese,,,,3.20,1,,R,
Magmar,Storm Emeralda,,12,Japanese,,,,0.25,1,,C,
Heat Rotom ex,Storm Emeralda,,90,Japanese,,,,15.00,1,,S,
Wishiwashi ex,Storm Emeralda,,91,Japanese,,,,12.50,1,,S,
Raikou ex,Storm Emeralda,,92,Japanese,,,,18.00,1,,S,
Gilly,Storm Emeralda,,111,Japanese,,,,22.00,1,,S,
Mega Rayquaza ex,Storm Emeralda,,110,Japanese,,,,85.00,1,,M,
